Issue Type,Summary,Description,Epic Link,Sprint,Assignee,Story Points,Labels
Epic,E1 Captura y reconstruccion del tramo,"Capturar 200 metros del sector Claro de Luna del sendero de la Quebrada La Vieja y reconstruirlos en 3 escenas Gaussian Splat publicadas en formato SOG. Incluye la decision de sendero (ADR-001), las cuatro visitas de campo, el procesamiento en GPU, la limpieza en SuperSplat y la compresion a SOG. RESPONSABLE: Juan Urrego.",E1 Captura y reconstruccion del tramo,,Juan Urrego,,E1;captura;resp-juan-urrego
Epic,E2 Motor de recorrido web,"Cargar las escenas SOG en PlayCanvas y construir el motor de recorrido: navegacion guiada sobre el trazado, mirada libre 360 grados, encadenado de escenas, nivel de detalle por proximidad al recorrido y rendimiento en celular de gama media. RESPONSABLE: Alejandra Chambueta.",E2 Motor de recorrido web,,Alejandra Chambueta,,E2;resp-alejandra-chambueta
Epic,E3 Puntos de interes fichas 3D y sonido,"Modelar el catalogo 3D de aves con animacion idle, plantas y elementos patrimoniales del sendero, y construir el sistema de puntos de interes: marcadores anclados, panel de ficha, visor 3D girable, audio con transcripcion y ambientacion sonora binaural espacial. RESPONSABLE: Felipe Acevedo y David Beltran.",E3 Puntos de interes fichas 3D y sonido,,Felipe Acevedo,,E3;3d-asset;resp-felipe-acevedo
Epic,E4 Capa de datos y experiencia de usuario,"Consumir el track GPS del sendero para alimentar el HUD de altitud, distancia, desnivel, pendiente y tiempo estimado, y cerrar la experiencia de usuario: identidad visual con paleta de grises negros y verdes, onboarding, responsive movil y accesibilidad. RESPONSABLE: Eybar Viasus y Alberto Aleman.",E4 Capa de datos y experiencia de usuario,,Eybar Viasus,,E4;ui-ux;resp-eybar-viasus
Story,HU-01 Cerrar la decision de sendero,"Como equipo necesitamos evaluar las tres opciones de sendero con criterios objetivos para poder capturar sabiendo por que ahi. HITO BLOQUEANTE: debe cerrarse antes del viernes de la semana 1. RESPONSABLE: Juan Urrego. Criterios de aceptacion: (1) las tres opciones evaluadas contra los mismos criterios; (2) criterios incluyen densidad de elementos duros, accesibilidad en transporte publico, condiciones de captura, valor de contenido biologico y facilidad de reserva; (3) decision escrita en ADR-001 con alternativas descartadas y consecuencias.",E1 Captura y reconstruccion del tramo,S1,Juan Urrego,8,S1;E1;captura;docs;blocked;resp-juan-urrego
Sub-task,HU-01.1 Redactar y ponderar la matriz de criterios,"Subtarea de HU-01. Redactar la matriz de criterios de decision y ponderarla con el equipo. RESPONSABLE: Juan Urrego.",E1 Captura y reconstruccion del tramo,S1,Juan Urrego,2,S1;E1;captura;resp-juan-urrego
Sub-task,HU-01.2 Redactar ADR-001,"Subtarea de HU-01. Redactar docs/decisiones/ADR-001-eleccion-de-sendero.md con opciones, criterios, decision y consecuencias. RESPONSABLE: Juan Urrego.",E1 Captura y reconstruccion del tramo,S1,Juan Urrego,2,S1;E1;docs;resp-juan-urrego
Sub-task,HU-01.3 Evaluar opciones por valor de contenido,"Subtarea de HU-01. Evaluar cada opcion por aves, plantas y elementos modelables disponibles. RESPONSABLE: Felipe Acevedo.",E1 Captura y reconstruccion del tramo,S1,Felipe Acevedo,2,S1;E1;3d-asset;resp-felipe-acevedo
Sub-task,HU-01.4 Evaluar opciones por riesgo de reconstruccion,"Subtarea de HU-01. Evaluar cada opcion por proporcion de elementos duros frente a follaje denso. RESPONSABLE: Alejandra Chambueta.",E1 Captura y reconstruccion del tramo,S1,Alejandra Chambueta,2,S1;E1;captura;resp-alejandra-chambueta
Story,HU-02 Definir y validar el protocolo de captura,"Como equipo de captura necesitamos un protocolo probado para no gastar la unica manana buena aprendiendo a usar el equipo. RESPONSABLE: Juan Urrego. Criterios de aceptacion: (1) protocolo escrito con resolucion, fps, obturacion, ISO, foco, balance de blancos, numero y altura de pasadas; (2) resuelta la pregunta abierta V1 sobre 1x frente a 2x con una prueba real; (3) probado en un ensayo corto fuera del sendero objetivo; (4) definido el objeto de tamano conocido que da escala; (5) definida la banda de alta densidad del ADR-002: del suelo hasta un metro por encima de la altura de los ojos y un metro a cada lado del eje del trazado.",E1 Captura y reconstruccion del tramo,S1,Juan Urrego,5,S1;E1;captura;resp-juan-urrego
Sub-task,HU-02.1 Redactar el protocolo de captura,"Subtarea de HU-02. Redactar el protocolo a partir de la guia de captura de PlayCanvas: 4K a 60 fps, obturacion 1/125 o mas rapida, ISO bajo, todo manual y bloqueado. El protocolo no se modifica: solo se anade el numero y la altura de las pasadas. RESPONSABLE: Juan Urrego.",E1 Captura y reconstruccion del tramo,S1,Juan Urrego,2,S1;E1;captura;docs;resp-juan-urrego
Sub-task,HU-02.2 Ensayo comparativo 1x frente a 2x,"Subtarea de HU-02. La documentacion recomienda 35-85 mm equivalentes y el 1x del iPhone 13 es aproximadamente 26 mm. Comparar en campo y registrar el resultado en la issue. RESPONSABLE: Juan Urrego.",E1 Captura y reconstruccion del tramo,S1,Juan Urrego,2,S1;E1;captura;resp-juan-urrego
Sub-task,HU-02.3 Verificar procesamiento de extremo a extremo,"Subtarea de HU-02. Verificar que el material del ensayo se puede procesar desde la extraccion de cuadros hasta el SOG. RESPONSABLE: Alejandra Chambueta.",E1 Captura y reconstruccion del tramo,S1,Alejandra Chambueta,2,S1;E1;captura;resp-alejandra-chambueta
Sub-task,HU-02.4 Definir procedimiento de GPS y audio,"Subtarea de HU-02. Definir como se graba el track GPS y el audio ambiente y de cantos. Las fuentes que se van a espacializar se graban en MONO: una grabacion estereo pasada por HRTF suena mal. RESPONSABLE: David Beltran.",E1 Captura y reconstruccion del tramo,S1,David Beltran,2,S1;E1;captura;audio;resp-david-beltran
Story,HU-03 Preparar la logistica de las cuatro visitas,"Como equipo de campo necesitamos las cuatro visitas reservadas y organizadas para que ninguna ventana de buen clima se desperdicie. RESPONSABLE: Juan Urrego. Criterios de aceptacion: (1) las CUATRO visitas reservadas por la app del Acueducto, con V1 para las seis personas del equipo; (2) checklist de equipo cerrado por visita; (3) roles de campo asignados persona por persona; (4) protocolo de respaldo con dos copias del material el mismo dia.",E1 Captura y reconstruccion del tramo,S1,Juan Urrego,3,S1;E1;captura;resp-juan-urrego
Sub-task,HU-03.1 Reservar las cuatro visitas,"Subtarea de HU-03. Reservar por la app del Acueducto. V1 requiere reserva para las seis personas. RESPONSABLE: Juan Urrego.",E1 Captura y reconstruccion del tramo,S1,Juan Urrego,1,S1;E1;captura;resp-juan-urrego
Sub-task,HU-03.2 Checklist de equipo y roles de campo,"Subtarea de HU-03. Celular, bateria externa, GPS, grabadora, objeto de escala y almacenamiento. Asignar el encargo de cada persona en V1. RESPONSABLE: Juan Urrego.",E1 Captura y reconstruccion del tramo,S1,Juan Urrego,1,S1;E1;captura;resp-juan-urrego
Sub-task,HU-03.3 Preparar y probar dispositivos de GPS y audio,"Subtarea de HU-03. Verificar bateria, formato de salida y precision antes de la primera salida. RESPONSABLE: David Beltran.",E1 Captura y reconstruccion del tramo,S1,David Beltran,1,S1;E1;captura;resp-david-beltran
Sub-task,HU-03.4 Preparar el registro fotografico por POI,"Subtarea de HU-03. Plantilla de metadatos y procedimiento para la foto y la coordenada de cada punto de interes. RESPONSABLE: Alberto Aleman.",E1 Captura y reconstruccion del tramo,S1,Alberto Aleman,1,S1;E1;captura;resp-alberto-aleman
Story,HU-42 Ejecutar la visita de reconocimiento V1 sin grabar,"Como equipo necesitamos ir al sendero ANTES de capturar para decidir con el sitio delante y no en una reunion. Va TODO EL EQUIPO. Semana 2 (18 al 24 de agosto). Cinco horas. NO SE GRABA VIDEO DE CAPTURA. RESPONSABLE: Juan Urrego. Criterios de aceptacion: (1) tramo exacto marcado con GPS: inicio y metro 200; (2) cortes de las tres etapas decididos en puntos naturales del sendero; (3) puntos de interes decididos con coordenada y foto, incluidos los patrimoniales; (4) identificado donde circulan las aves, que es donde va cada marcador de fauna; (5) desnivel y pendiente reales de los 200 m medidos con GPS; (6) mapa sonoro levantado; (7) paleta contrastada contra el verde real del follaje; (8) objeto de escala decidido; (9) duracion real del recorrido a paso de captura.",E1 Captura y reconstruccion del tramo,S1,Juan Urrego,8,S1;E1;captura;campo;blocked;resp-juan-urrego
Sub-task,HU-42.1 Marcar el tramo las etapas y medir el desnivel,"Subtarea de HU-42. Marcar con GPS el inicio, el metro 200 y los cortes de escena. Medir desnivel y pendiente reales del tramo comprometido. Decidir el objeto de escala. RESPONSABLE: Juan Urrego.",E1 Captura y reconstruccion del tramo,S1,Juan Urrego,3,S1;E1;captura;campo;resp-juan-urrego
Sub-task,HU-42.2 Identificar especies y sus lugares de paso,"Subtarea de HU-42. Contrastar contra docs/05-catalogo-fauna-y-flora.md que especies se ven u oyen realmente en los 200 m y donde circulan. Confirmar o descartar el zorro perro y el curi. Identificar el helecho arboreo concreto. Fotos de referencia para modelado. RESPONSABLE: Felipe Acevedo.",E1 Captura y reconstruccion del tramo,S1,Felipe Acevedo,3,S1;E1;campo;3d-asset;resp-felipe-acevedo
Sub-task,HU-42.3 Evaluar riesgo de reconstruccion por zona,"Subtarea de HU-42. Registrar donde hay elementos duros, donde solo hay follaje y donde el agua del cauce va a dar problemas. Es la entrada para decidir la densidad de pasadas de V2. RESPONSABLE: Alejandra Chambueta.",E1 Captura y reconstruccion del tramo,S1,Alejandra Chambueta,2,S1;E1;campo;captura;resp-alejandra-chambueta
Sub-task,HU-42.4 Levantar el mapa sonoro y probar el GPS,"Subtarea de HU-42. Anotar con coordenada donde suena la quebrada, donde hay silencio, donde canta que, donde se cuela la Circunvalar y a que altura respecto al oido va el cauce. Verificar la precision del track. RESPONSABLE: David Beltran.",E1 Captura y reconstruccion del tramo,S1,David Beltran,2,S1;E1;campo;audio;resp-david-beltran
Sub-task,HU-42.5 Contrastar la paleta contra el lugar,"Subtarea de HU-42. Resolver la pregunta D1: el verde propuesto se pierde contra el follaje real. Y la D4: el marcador se lee a contraluz con el cielo detras. RESPONSABLE: Eybar Viasus.",E1 Captura y reconstruccion del tramo,S1,Eybar Viasus,2,S1;E1;campo;ui-ux;resp-eybar-viasus
Sub-task,HU-42.6 Identificar los puntos de interes patrimoniales,"Subtarea de HU-42. Puertas derrumbadas, muros, monumentos y tramos de camino con historia. Foto y coordenada de cada uno. NO se les inventa la historia: se anota que hay y se busca fuente despues. Bitacora de la visita. RESPONSABLE: Alberto Aleman.",E1 Captura y reconstruccion del tramo,S1,Alberto Aleman,2,S1;E1;campo;docs;resp-alberto-aleman
Story,HU-04 Ejecutar la captura principal V2,"Como equipo de captura necesitamos el material del tramo para que exista el proyecto. Semana 3 (25 al 31 de agosto). Cinco horas. Requiere dia nublado sin viento y a primera hora. RESPONSABLE: Juan Urrego. Criterios de aceptacion: (1) video 4K a 60 fps con varias pasadas y ajustes manuales bloqueados; (2) pasadas densas dentro de la banda de alta densidad del ADR-002 y una pasada de contexto fuera de ella; (3) track GPS grabado el mismo dia; (4) audio ambiente y cantos registrados; (5) una foto por cada POI decidido en V1; (6) objeto de escala presente en las tomas; (7) material respaldado en DOS ubicaciones distintas antes de terminar el dia; (8) anotadas hora, nubosidad y viento reales.",E1 Captura y reconstruccion del tramo,S2,Juan Urrego,13,S2;E1;captura;campo;resp-juan-urrego
Sub-task,HU-04.1 Capturar video de las tres escenas,"Subtarea de HU-04. Varias pasadas a distintas alturas (rodilla, pecho y por encima de la cabeza) dentro de la banda de alta densidad, caminando despacio, con exposicion foco y balance de blancos bloqueados. RESPONSABLE: Juan Urrego.",E1 Captura y reconstruccion del tramo,S2,Juan Urrego,5,S2;E1;captura;resp-juan-urrego
Sub-task,HU-04.2 Grabar track GPS y audio,"Subtarea de HU-04. Track del recorrido, audio ambiente y cantos de aves. RESPONSABLE: David Beltran.",E1 Captura y reconstruccion del tramo,S2,David Beltran,3,S2;E1;captura;audio;resp-david-beltran
Sub-task,HU-04.3 Fotografiar referencias de POIs y modelado,"Subtarea de HU-04. Fotos de referencia de aves, plantas y elementos a modelar, incluidos los patrimoniales. RESPONSABLE: Felipe Acevedo.",E1 Captura y reconstruccion del tramo,S2,Felipe Acevedo,2,S2;E1;3d-asset;resp-felipe-acevedo
Sub-task,HU-04.4 Verificar en sitio que el material es utilizable,"Subtarea de HU-04. Revisar nitidez y cobertura antes de bajar del sendero. Y respaldar en dos ubicaciones el mismo dia. RESPONSABLE: Alejandra Chambueta.",E1 Captura y reconstruccion del tramo,S2,Alejandra Chambueta,3,S2;E1;captura;resp-alejandra-chambueta
Story,HU-43 Ejecutar la visita complementaria V3 y grabar el sonido,"Como equipo de contenido necesitamos el material que V2 no puede dar: audio binaural, cantos a primera hora y detalle patrimonial. Semana 4 (1 al 7 de septiembre). Cinco horas. DOBLE FUNCION: si V2 fallo, esta es la ventana de contingencia y se repite la captura completa. RESPONSABLE: David Beltran. Criterios de aceptacion: (1) lecho ambiente grabado en estereo con bucle limpio de 2 a 3 minutos; (2) cauce y cantos grabados en MONO para poder espacializarlos; (3) 30 segundos de silencio de referencia; (4) fotografiados los POIs patrimoniales; (5) decidido y registrado si se uso como contingencia.",E1 Captura y reconstruccion del tramo,S2,David Beltran,5,S2;E1;campo;audio;resp-david-beltran
Sub-task,HU-43.1 Grabar el lecho ambiente y las fuentes puntuales,"Subtarea de HU-43. Estereo para el lecho, mono para todo lo que se va a espacializar. Posiciones tomadas del mapa sonoro de V1. RESPONSABLE: David Beltran.",E1 Captura y reconstruccion del tramo,S2,David Beltran,3,S2;E1;audio;resp-david-beltran
Sub-task,HU-43.2 Grabar cantos y tomar referencias de detalle,"Subtarea de HU-43. Cantos a primera hora. Fotos de detalle para modelado y escaneo. RESPONSABLE: Felipe Acevedo.",E1 Captura y reconstruccion del tramo,S2,Felipe Acevedo,2,S2;E1;audio;3d-asset;resp-felipe-acevedo
Sub-task,HU-43.3 Registro fotografico del patrimonio y bitacora,"Subtarea de HU-43. Fotografiar los elementos patrimoniales identificados en V1 con coordenada y escala. Bitacora de condiciones. RESPONSABLE: Alberto Aleman.",E1 Captura y reconstruccion del tramo,S2,Alberto Aleman,2,S2;E1;campo;docs;resp-alberto-aleman
Story,HU-05 Dejar el repositorio y los contratos de datos listos,"Como PM necesito que los espacios esten preparados antes de que los demas lleguen para que nadie se pise ni invente formatos. RESPONSABLE: Juan Urrego. Criterios de aceptacion: (1) repositorio con ramas main, develop y una por epica; (2) pois.json, scenes.json, track.json y soundscape.json especificados con ejemplo valido; (3) formato del track GPS definido; (4) context-for-vibe-coding.md publicado; (5) estructura de carpetas con src/app, src/audio y styles, y .gitignore en su sitio; (6) ambitos de los tres programadores documentados. Implementa RNF-009 y RNF-011.",E1 Captura y reconstruccion del tramo,S1,Juan Urrego,5,S1;E1;docs;resp-juan-urrego
Sub-task,HU-05.1 Crear repositorio ramas labels y milestones,"Subtarea de HU-05. Crear el repositorio, las ramas por epica, los labels (incluidos los resp- de cada persona), los milestones con fecha real y las issues. RESPONSABLE: Juan Urrego.",E1 Captura y reconstruccion del tramo,S1,Juan Urrego,2,S1;E1;docs;resp-juan-urrego
Sub-task,HU-05.2 Especificar y publicar los contratos de datos,"Subtarea de HU-05. scenes.json, pois.json, track.json y soundscape.json con ejemplo valido y validacion de esquema. RESPONSABLE: Juan Urrego.",E1 Captura y reconstruccion del tramo,S1,Juan Urrego,2,S1;E1;docs;resp-juan-urrego
Sub-task,HU-05.3 Validar el contrato de pois.json contra la ficha,"Subtarea de HU-05. Verificar que los campos cubren todo lo que la ficha necesita mostrar, incluidos idleAnimation, sightingTips, historicalNote, period y sourceUrl. RESPONSABLE: Eybar Viasus.",E1 Captura y reconstruccion del tramo,S1,Eybar Viasus,1,S1;E1;ui-ux;resp-eybar-viasus
Sub-task,HU-05.4 Validar el formato del track GPS y del soundscape,"Subtarea de HU-05. Verificar que los formatos cubren lo que la capa de datos y el motor de audio necesitan calcular. RESPONSABLE: David Beltran.",E1 Captura y reconstruccion del tramo,S1,David Beltran,1,S1;E1;docs;resp-david-beltran
Story,HU-06 Extraer cuadros y resolver poses de camara,"Como equipo de captura necesitamos cuadros utilizables y poses de camara para poder entrenar. RESPONSABLE: Juan Urrego. Criterios de aceptacion: (1) cuadros extraidos con el intervalo decidido, resuelve V2; (2) cuadros con movimiento borroso descartados antes de procesar; (3) poses resueltas por SfM para las tres escenas; (4) documentado el intervalo elegido y el numero de cuadros por escena.",E1 Captura y reconstruccion del tramo,S2,Juan Urrego,8,S2;E1;captura;resp-juan-urrego
Sub-task,HU-06.1 Extraer cuadros y descartar borrosos,"Subtarea de HU-06. La documentacion sugiere tomar cada 2 a 5 cuadros segun la velocidad de desplazamiento. RESPONSABLE: Juan Urrego.",E1 Captura y reconstruccion del tramo,S2,Juan Urrego,3,S2;E1;captura;resp-juan-urrego
Sub-task,HU-06.2 Ejecutar SfM y verificar la nube dispersa,"Subtarea de HU-06. Resolver poses de camara y verificar cobertura. RESPONSABLE: Juan Urrego.",E1 Captura y reconstruccion del tramo,S2,Juan Urrego,3,S2;E1;captura;resp-juan-urrego
Sub-task,HU-06.3 Revision cruzada de cobertura de vistas,"Subtarea de HU-06. Verificar que cada escena tiene suficiente solapamiento entre vistas, con atencion especial a la banda de alta densidad. RESPONSABLE: Alejandra Chambueta.",E1 Captura y reconstruccion del tramo,S2,Alejandra Chambueta,2,S2;E1;captura;resp-alejandra-chambueta
Story,HU-07 Entrenar el 3DGS de las tres escenas,"Como equipo de captura necesitamos las tres escenas reconstruidas. Implementa RF-002. RESPONSABLE: Juan Urrego. Criterios de aceptacion: (1) las tres escenas entrenadas y exportadas a .ply; (2) documentado el tiempo de entrenamiento por escena, resuelve V5; (3) documentado el numero de gaussianas por escena, resuelve V3; (4) evaluacion visual: los escalones, barandas y cauce se reconocen.",E1 Captura y reconstruccion del tramo,S2,Juan Urrego,13,S2;E1;captura;resp-juan-urrego
Sub-task,HU-07.1 Entrenar las tres escenas en la estacion con GPU,"Subtarea de HU-07. Entrenamiento 3DGS de scene-01 (0-70 m), scene-02 (70-140 m) y scene-03 (140-200 m). RESPONSABLE: Juan Urrego.",E1 Captura y reconstruccion del tramo,S2,Juan Urrego,8,S2;E1;captura;resp-juan-urrego
Sub-task,HU-07.2 Registrar parametros tiempos y conteo de gaussianas,"Subtarea de HU-07. Documentar para poder repetir y para dimensionar el presupuesto de splats. RESPONSABLE: Juan Urrego.",E1 Captura y reconstruccion del tramo,S2,Juan Urrego,2,S2;E1;docs;resp-juan-urrego
Sub-task,HU-07.3 Evaluacion visual de calidad,"Subtarea de HU-07. Contrastar la reconstruccion contra las fotos de referencia de campo. RESPONSABLE: Felipe Acevedo.",E1 Captura y reconstruccion del tramo,S2,Felipe Acevedo,3,S2;E1;3d-asset;resp-felipe-acevedo
Story,HU-08 Limpiar las escenas en SuperSplat,"Como equipo de captura necesitamos escenas limpias porque el follaje denso genera ruido y flotantes. Implementa RF-002 y RNF-003. RESPONSABLE: Felipe Acevedo (movido desde Juan Urrego para descargar el camino critico). Criterios de aceptacion: (1) flotantes eliminados en las tres escenas; (2) escenas recortadas al tramo de interes; (3) color coherente entre las tres escenas, resuelve V12; (4) proyecto .ssproj guardado por escena.",E1 Captura y reconstruccion del tramo,S2,Felipe Acevedo,8,S2;E1;captura;resp-felipe-acevedo
Sub-task,HU-08.1 Eliminar flotantes y recortar,"Subtarea de HU-08. Limpieza en SuperSplat de gaussianas con opacidad en el vacio y recorte al tramo. RESPONSABLE: Felipe Acevedo.",E1 Captura y reconstruccion del tramo,S2,Felipe Acevedo,4,S2;E1;captura;resp-felipe-acevedo
Sub-task,HU-08.2 Ajustar color y coherencia entre escenas,"Subtarea de HU-08. Que el encadenado de las tres escenas no muestre salto de color. RESPONSABLE: Felipe Acevedo.",E1 Captura y reconstruccion del tramo,S2,Felipe Acevedo,3,S2;E1;3d-asset;resp-felipe-acevedo
Sub-task,HU-08.3 Verificar que los POIs quedaron dentro del recorte,"Subtarea de HU-08. Revisar que los 5 o 6 POIs decididos en V1 siguen dentro de la escena recortada. RESPONSABLE: Alberto Aleman.",E1 Captura y reconstruccion del tramo,S2,Alberto Aleman,1,S2;E1;captura;resp-alberto-aleman
Story,HU-09 Comprimir a SOG y validar peso y calidad,"Como equipo de captura necesitamos escenas en formato de entrega. Implementa RNF-003 y RNF-002. RESPONSABLE: Juan Urrego. Criterios de aceptacion: (1) las tres escenas convertidas a .sog con SplatTransform; (2) RNF-003 queda FIJADO con un numero real medido, resuelve V4; (3) comparacion documentada de peso PLY frente a SOG por escena; (4) perdida de calidad por compresion evaluada y aceptada.",E1 Captura y reconstruccion del tramo,S2,Juan Urrego,5,S2;E1;captura;resp-juan-urrego
Sub-task,HU-09.1 Convertir a SOG y medir pesos,"Subtarea de HU-09. splat-transform entrada.ply salida.sog. La referencia publicada es 15 a 20 veces menos peso que el PLY. RESPONSABLE: Juan Urrego.",E1 Captura y reconstruccion del tramo,S2,Juan Urrego,2,S2;E1;captura;resp-juan-urrego
Sub-task,HU-09.2 Actualizar RNF-003 con el dato real,"Subtarea de HU-09. Sustituir el marcador por definir por el umbral medido en el documento de requerimientos. RESPONSABLE: Juan Urrego.",E1 Captura y reconstruccion del tramo,S2,Juan Urrego,1,S2;E1;docs;resp-juan-urrego
Sub-task,HU-09.3 Cargar un .sog en un proyecto PlayCanvas minimo,"Subtarea de HU-09. Confirmar que el asset gsplat abre y renderiza antes de dar la escena por cerrada. RESPONSABLE: Alejandra Chambueta.",E1 Captura y reconstruccion del tramo,S2,Alejandra Chambueta,2,S2;E1;resp-alejandra-chambueta
Story,HU-10 Publicar las escenas en scenes.json,"Como equipo de captura necesitamos declarar las escenas para que el motor las consuma sin tocar codigo. Implementa RF-023, RF-017 y RNF-011. RESPONSABLE: Juan Urrego. Criterios de aceptacion: (1) las tres escenas declaradas con orden, ruta al .sog y puntos de entrada y salida segun las etapas de 0-70, 70-140 y 140-200 m; (2) track GPS asociado a la secuencia; (3) primera aproximacion de alineacion y escala contra el objeto de referencia, arranca V9; (4) cada escena versionada con fecha de captura.",E1 Captura y reconstruccion del tramo,S2,Juan Urrego,5,S2;E1;docs;resp-juan-urrego
Sub-task,HU-10.1 Publicar scenes.json y las rutas de assets,"Subtarea de HU-10. Declarar id, order, sogUrl, entryDistanceMeters, exitDistanceMeters y captureDate. RESPONSABLE: Juan Urrego.",E1 Captura y reconstruccion del tramo,S2,Juan Urrego,2,S2;E1;docs;resp-juan-urrego
Sub-task,HU-10.2 Primera alineacion del track GPS con la geometria,"Subtarea de HU-10. El entrenamiento produce unidades arbitrarias: hay que escalar contra el objeto de tamano conocido. RESPONSABLE: David Beltran.",E1 Captura y reconstruccion del tramo,S2,David Beltran,3,S2;E1;resp-david-beltran
Sub-task,HU-10.3 Validar que el motor lee scenes.json sin ambiguedades,"Subtarea de HU-10. Revision cruzada del contrato antes de que arranque E2. RESPONSABLE: Alejandra Chambueta.",E1 Captura y reconstruccion del tramo,S2,Alejandra Chambueta,1,S2;E1;docs;resp-alejandra-chambueta
Story,HU-44 Verificar la reconstruccion en campo V4,"Como equipo necesitamos comprobar en el sitio que el lugar se reconoce, que es la promesa central del producto. Semana 6 (15 al 21 de septiembre). Cinco horas. Se va CON LA RECONSTRUCCION CARGADA EN UN CELULAR. RESPONSABLE: Juan Urrego. Criterios de aceptacion: (1) el lugar se reconoce al comparar pantalla y sitio, registrado con evidencia; (2) los anclajes de los POIs caen donde deben; (3) escala y altitud del track corresponden con la realidad, cierra V9; (4) listadas las zonas mal reconstruidas y decidido si se recapturan ahi mismo.",E1 Captura y reconstruccion del tramo,S3,Juan Urrego,5,S3;E1;campo;captura;resp-juan-urrego
Sub-task,HU-44.1 Comparar la reconstruccion contra el sitio,"Subtarea de HU-44. Recorrer los 200 m con el celular en la mano comparando punto por punto. Registrar con foto pareada. RESPONSABLE: Juan Urrego.",E1 Captura y reconstruccion del tramo,S3,Juan Urrego,2,S3;E1;campo;resp-juan-urrego
Sub-task,HU-44.2 Verificar escala altitud y anclajes,"Subtarea de HU-44. Contrastar las cifras del HUD contra el GPS en el sitio. Cierra la validacion V9. RESPONSABLE: Alejandra Chambueta.",E1 Captura y reconstruccion del tramo,S3,Alejandra Chambueta,2,S3;E1;campo;resp-alejandra-chambueta
Sub-task,HU-44.3 Recapturar las zonas deficientes,"Subtarea de HU-44. Repetir pasadas en las zonas que salieron mal, aprovechando que ya se esta en el sitio. RESPONSABLE: Felipe Acevedo.",E1 Captura y reconstruccion del tramo,S3,Felipe Acevedo,2,S3;E1;campo;captura;resp-felipe-acevedo
Story,HU-11 Modelar y texturizar las aves,"Como artista 3D necesito el catalogo de aves para las fichas. Habilita RF-009. EN PARALELO con S2: no depende de la captura. RESPONSABLE: Felipe Acevedo. Criterios de aceptacion: (1) modeladas colibri chillon Colibri coruscans, mirla, copeton y pava andina; (2) realista pero simplificado, con color y forma reconocibles en campo; (3) nombre comun y cientifico verificados contra fuente citable segun docs/05-catalogo-fauna-y-flora.md; (4) rig preparado para la animacion idle de HU-47. ATENCION: mirla, copeton y pava estan marcados por verificar en el catalogo; el modelo puede avanzar pero la ficha no se publica hasta resolverlo.",E3 Puntos de interes fichas 3D y sonido,S2b,Felipe Acevedo,13,S2b;E3;3d-asset;resp-felipe-acevedo
Sub-task,HU-11.1 Modelar texturizar y riggear las cuatro especies,"Subtarea de HU-11. Colibri chillon, mirla, copeton y pava andina. El rig debe soportar el aleteo de la animacion idle. RESPONSABLE: Felipe Acevedo.",E3 Puntos de interes fichas 3D y sonido,S2b,Felipe Acevedo,8,S2b;E3;3d-asset;resp-felipe-acevedo
Sub-task,HU-11.2 Verificar nombres cientificos y rangos de altitud,"Subtarea de HU-11. Verificar contra eBird, Avibase o la lista de referencia de aves de Colombia. Resolver la discrepancia Penelope obscura frente a Penelope montagnii. Lo no verificado se marca por verificar, nunca se rellena. RESPONSABLE: Felipe Acevedo.",E3 Puntos de interes fichas 3D y sonido,S2b,Felipe Acevedo,3,S2b;E3;docs;resp-felipe-acevedo
Sub-task,HU-11.3 Validar legibilidad al tamano del visor de ficha,"Subtarea de HU-11. Comprobar que el modelo se lee bien en el tamano real del visor. RESPONSABLE: Eybar Viasus.",E3 Puntos de interes fichas 3D y sonido,S2b,Eybar Viasus,2,S2b;E3;ui-ux;resp-eybar-viasus
Story,HU-47 Animacion idle de aleteo en las aves,"Como visitante quiero que el ave de la ficha se vea viva y no como una figura quieta. Implementa RF-029. RESPONSABLE: Felipe Acevedo. Criterios de aceptacion: (1) cada una de las cuatro aves tiene un clip de animacion idle de aleteo; (2) el bucle no muestra salto ni tiron al reiniciarse; (3) la animacion arranca sola al abrir la ficha, sin que el visitante tenga que hacer nada; (4) el clip va exportado dentro del .glb y declarado en pois.json con el campo idleAnimation; (5) el coste de la animacion no rompe el presupuesto de RNF-012 ni el objetivo de 30 fps.",E3 Puntos de interes fichas 3D y sonido,S2b,Felipe Acevedo,8,S2b;E3;3d-asset;resp-felipe-acevedo
Sub-task,HU-47.1 Animar el aleteo de las cuatro especies,"Subtarea de HU-47. Clip corto en bucle, aleteo creible por especie: el colibri no aletea como una pava. RESPONSABLE: Felipe Acevedo.",E3 Puntos de interes fichas 3D y sonido,S2b,Felipe Acevedo,5,S2b;E3;3d-asset;resp-felipe-acevedo
Sub-task,HU-47.2 Exportar y verificar el clip dentro del glb,"Subtarea de HU-47. Comprobar que PlayCanvas reproduce el clip desde el .glb sin configuracion adicional. RESPONSABLE: David Beltran.",E3 Puntos de interes fichas 3D y sonido,S2b,David Beltran,2,S2b;E3;resp-david-beltran
Sub-task,HU-47.3 Revisar el ritmo del aleteo,"Subtarea de HU-47. Que sea sutil: la animacion acompana la identificacion, no distrae de ella. RESPONSABLE: Eybar Viasus.",E3 Puntos de interes fichas 3D y sonido,S2b,Eybar Viasus,2,S2b;E3;ui-ux;resp-eybar-viasus
Story,HU-12 Modelar plantas y helechos,"Como artista 3D necesito la flora del tramo para las fichas. Habilita RF-009. RESPONSABLE: Felipe Acevedo. Criterios de aceptacion: (1) helechos, musgos y especies nativas modelados o escaneados; (2) escaneo con celular en el propio sendero donde sea viable; (3) helecho arboreo incluido por ser POI confirmado, con la especie concreta identificada en V1; (4) nombres verificados y lo no verificado marcado por verificar.",E3 Puntos de interes fichas 3D y sonido,S2b,Felipe Acevedo,8,S2b;E3;3d-asset;resp-felipe-acevedo
Sub-task,HU-12.1 Modelar y escanear plantas,"Subtarea de HU-12. Helechos, musgos y especies nativas del bosque altoandino. Referencia: encenillo, raque, tibar, cedro y chuwaca de docs/05-catalogo-fauna-y-flora.md. RESPONSABLE: Felipe Acevedo.",E3 Puntos de interes fichas 3D y sonido,S2b,Felipe Acevedo,5,S2b;E3;3d-asset;resp-felipe-acevedo
Sub-task,HU-12.2 Limpiar escaneos y reducir geometria,"Subtarea de HU-12. Dejar los escaneos utilizables dentro del presupuesto web. RESPONSABLE: Felipe Acevedo.",E3 Puntos de interes fichas 3D y sonido,S2b,Felipe Acevedo,3,S2b;E3;3d-asset;resp-felipe-acevedo
Sub-task,HU-12.3 Cotejar con las fotos de referencia de campo,"Subtarea de HU-12. Verificar que lo modelado corresponde a lo que hay en el tramo. RESPONSABLE: Alberto Aleman.",E3 Puntos de interes fichas 3D y sonido,S2b,Alberto Aleman,2,S2b;E3;3d-asset;resp-alberto-aleman
Story,HU-13 Escanear detalle y modelar el puente y la senalizacion,"Como artista 3D necesito los elementos del sendero. Habilita RF-009. Regla: lo pequeno se escanea, lo grande se modela. RESPONSABLE: Felipe Acevedo (modelado) y Alberto Aleman (escaneos de detalle). Criterios de aceptacion: (1) insectos, minerales y piezas del sendero escaneados; (2) puente de madera y senalizacion modelados; (3) el puente de madera queda listo como POI confirmado.",E3 Puntos de interes fichas 3D y sonido,S2b,Felipe Acevedo,8,S2b;E3;3d-asset;resp-felipe-acevedo
Sub-task,HU-13.1 Escaneos de detalle y limpieza,"Subtarea de HU-13. Insectos, minerales y piezas del sendero. Movido desde Felipe para equilibrar la carga de S2b. RESPONSABLE: Alberto Aleman.",E3 Puntos de interes fichas 3D y sonido,S2b,Alberto Aleman,3,S2b;E3;3d-asset;resp-alberto-aleman
Sub-task,HU-13.2 Modelar el puente de madera y la senalizacion,"Subtarea de HU-13. El puente es POI confirmado. RESPONSABLE: Felipe Acevedo.",E3 Puntos de interes fichas 3D y sonido,S2b,Felipe Acevedo,5,S2b;E3;3d-asset;resp-felipe-acevedo
Sub-task,HU-13.3 Revisar coherencia visual del conjunto,"Subtarea de HU-13. Que todos los modelos se lean como una misma familia visual. RESPONSABLE: Eybar Viasus.",E3 Puntos de interes fichas 3D y sonido,S2b,Eybar Viasus,2,S2b;E3;ui-ux;resp-eybar-viasus
Story,HU-14 Optimizar y exportar dentro del presupuesto web,"Como artista 3D necesito que los modelos no rompan el rendimiento. Implementa RNF-012 y RNF-001. RESPONSABLE: Felipe Acevedo. Criterios de aceptacion: (1) presupuesto de triangulos y de peso definido por modelo, resuelve V10; (2) todos los modelos exportados a .glb dentro del presupuesto, con su animacion idle incluida; (3) materiales compatibles con el visor de ficha; (4) probado que un .glb carga en el navegador sin errores de material.",E3 Puntos de interes fichas 3D y sonido,S2b,Felipe Acevedo,8,S2b;E3;3d-asset;resp-felipe-acevedo
Sub-task,HU-14.1 Reducir poligonos y exportar a glTF,"Subtarea de HU-14. Export a .glb de todo el catalogo, con animaciones. RESPONSABLE: Felipe Acevedo.",E3 Puntos de interes fichas 3D y sonido,S2b,Felipe Acevedo,5,S2b;E3;3d-asset;resp-felipe-acevedo
Sub-task,HU-14.2 Fijar el presupuesto de triangulos y peso,"Subtarea de HU-14. Basado en el objetivo de 30 fps en gama media, contando el coste de la animacion. RESPONSABLE: Alejandra Chambueta.",E3 Puntos de interes fichas 3D y sonido,S2b,Alejandra Chambueta,2,S2b;E3;resp-alejandra-chambueta
Sub-task,HU-14.3 Probar carga de un .glb en un visor minimo,"Subtarea de HU-14. Verificar que no hay errores de material antes de dar el catalogo por cerrado. RESPONSABLE: David Beltran.",E3 Puntos de interes fichas 3D y sonido,S2b,David Beltran,2,S2b;E3;resp-david-beltran
Story,HU-15 Narraciones cantos y transcripciones,"Como equipo de contenido necesitamos el audio de las fichas. Implementa RF-011, RF-012, RF-024 y RNF-006. RESPONSABLE: Alberto Aleman. Criterios de aceptacion: (1) narracion corta escrita y grabada por cada POI; (2) canto disponible para cada POI de fauna, grabado en el propio sendero; (3) TRANSCRIPCION textual de cada narracion, exigido por RNF-006; (4) audio normalizado y en formato web. REGLA: si un canto no se logra grabar, la ficha lo dice y no suena. No se descarga de bancos de sonido.",E3 Puntos de interes fichas 3D y sonido,S2b,Alberto Aleman,5,S2b;E3;audio;resp-alberto-aleman
Sub-task,HU-15.1 Seleccionar y editar los cantos capturados,"Subtarea de HU-15. A partir del audio grabado en V2 y V3. RESPONSABLE: Felipe Acevedo.",E3 Puntos de interes fichas 3D y sonido,S2b,Felipe Acevedo,2,S2b;E3;audio;resp-felipe-acevedo
Sub-task,HU-15.2 Redactar narraciones y transcripciones,"Subtarea de HU-15. Texto corto por POI, en espanol, con su transcripcion. RESPONSABLE: Alberto Aleman.",E3 Puntos de interes fichas 3D y sonido,S2b,Alberto Aleman,2,S2b;E3;docs;resp-alberto-aleman
Sub-task,HU-15.3 Revisar tono y longitud para la ficha,"Subtarea de HU-15. Que quepan en el panel sin saturarlo. RESPONSABLE: Eybar Viasus.",E3 Puntos de interes fichas 3D y sonido,S2b,Eybar Viasus,1,S2b;E3;ui-ux;resp-eybar-viasus
Sub-task,HU-15.4 Convertir y normalizar el audio,"Subtarea de HU-15. Formato web y niveles homogeneos entre POIs. Preparar tambien el lecho ambiente y las fuentes puntuales de HU-46. RESPONSABLE: David Beltran.",E3 Puntos de interes fichas 3D y sonido,S2b,David Beltran,2,S2b;E3;audio;resp-david-beltran
Story,HU-16 Cargar la primera escena sin instalacion,"Como visitante quiero que la primera escena cargue en el navegador sin instalar nada. Implementa RF-001 y RF-002. RESPONSABLE: Alejandra Chambueta. Criterios de aceptacion: (1) la primera escena .sog carga desde una URL sin instalar nada; (2) funciona en Chrome escritorio y en un celular real; (3) WebGPU con repliegue automatico a WebGL verificado, resuelve V7; (4) dispositivo de referencia de gama media definido, resuelve V6.",E2 Motor de recorrido web,S3,Alejandra Chambueta,8,S3;E2;resp-alejandra-chambueta
Sub-task,HU-16.1 Proyecto base con componente gsplat,"Subtarea de HU-16. Asset tipo gsplat y GSplatComponent con PlayCanvas Engine 2.21. Se crea src/app y src/engine. RESPONSABLE: Alejandra Chambueta.",E2 Motor de recorrido web,S3,Alejandra Chambueta,3,S3;E2;resp-alejandra-chambueta
Sub-task,HU-16.2 Deteccion de WebGPU y repliegue a WebGL,"Subtarea de HU-16. Nunca exigir WebGPU: romperia RNF-004. RESPONSABLE: Alejandra Chambueta.",E2 Motor de recorrido web,S3,Alejandra Chambueta,3,S3;E2;resp-alejandra-chambueta
Sub-task,HU-16.3 Publicar los .sog en una URL accesible,"Subtarea de HU-16. Hosting estatico con HTTPS. RESPONSABLE: Juan Urrego.",E2 Motor de recorrido web,S3,Juan Urrego,2,S3;E2;resp-juan-urrego
Sub-task,HU-16.4 Elegir el celular de referencia y probar HRTF,"Subtarea de HU-16. Sin un modelo concreto, gama media no es un criterio verificable. Aprovechar para resolver la validacion A3: si Safari iOS respeta panningModel HRTF o cae a equalpower. RESPONSABLE: David Beltran.",E2 Motor de recorrido web,S3,David Beltran,2,S3;E2;audio;resp-david-beltran
Story,HU-17 Progreso de carga y fallo con reintento,"Como visitante quiero ver el progreso y un mensaje claro si algo falla. Implementa RF-025, RNF-007 y RNF-002. RESPONSABLE: Alejandra Chambueta. Criterios de aceptacion: (1) indicador de progreso visible mientras carga; (2) si falla se informa en espanol y se ofrece reintentar; (3) NUNCA hay pantalla en negro; (4) probado forzando un fallo de red; (5) el estado de error no se comunica solo por color, lo exige RNF-006.",E2 Motor de recorrido web,S3,Alejandra Chambueta,5,S3;E2;ui-ux;resp-alejandra-chambueta
Sub-task,HU-17.1 Estados de carga y error en el motor,"Subtarea de HU-17. Maquina de estados: Cargando, Error, Reintentando. RESPONSABLE: Alejandra Chambueta.",E2 Motor de recorrido web,S3,Alejandra Chambueta,3,S3;E2;resp-alejandra-chambueta
Sub-task,HU-17.2 Disenar estados de carga error y reintento,"Subtarea de HU-17. Diseno visual de los tres estados con los tokens de styles/tokens.css. RESPONSABLE: Eybar Viasus.",E2 Motor de recorrido web,S3,Eybar Viasus,2,S3;E2;ui-ux;resp-eybar-viasus
Sub-task,HU-17.3 Redactar los mensajes en espanol,"Subtarea de HU-17. Mensajes claros, sin jerga tecnica. RESPONSABLE: Alberto Aleman.",E2 Motor de recorrido web,S3,Alberto Aleman,1,S3;E2;ui-ux;resp-alberto-aleman
Story,HU-18 Avanzar y retroceder por el trazado,"Como visitante quiero moverme por el trazado guiado hacia adelante y atras. Implementa RF-003. RESPONSABLE: Alejandra Chambueta. Criterios de aceptacion: (1) el usuario avanza y retrocede a lo largo del trazado guiado; (2) funciona con teclado y raton en escritorio y con gesto tactil en celular; (3) el movimiento es continuo, sin saltos bruscos; (4) TourEngine publica el evento tour:progress, que es la frontera 1 con David.",E2 Motor de recorrido web,S3,Alejandra Chambueta,8,S3;E2;resp-alejandra-chambueta
Sub-task,HU-18.1 Motor de avance sobre el trazado,"Subtarea de HU-18. TourEngine con TrailPath.positionAt. Publica tour:progress con distanceMeters. RESPONSABLE: Alejandra Chambueta.",E2 Motor de recorrido web,S3,Alejandra Chambueta,5,S3;E2;resp-alejandra-chambueta
Sub-task,HU-18.2 Definir gestos tactiles y control en escritorio,"Subtarea de HU-18. Que el control se entienda sin instrucciones. RESPONSABLE: Alberto Aleman.",E2 Motor de recorrido web,S3,Alberto Aleman,2,S3;E2;ui-ux;resp-alberto-aleman
Sub-task,HU-18.3 Pruebas de recorrido de extremo a extremo,"Subtarea de HU-18. Recorrer toda la escena en ambos sentidos. RESPONSABLE: David Beltran.",E2 Motor de recorrido web,S3,David Beltran,2,S3;E2;resp-david-beltran
Story,HU-19 Mirada libre 360 grados,"Como visitante quiero rotar la camara en cualquier punto del recorrido. Implementa RF-005. RESPONSABLE: Alejandra Chambueta. Criterios de aceptacion: (1) la camara rota 360 grados en cualquier punto; (2) rotar no desplaza al usuario fuera del trazado; (3) arrastre en escritorio y en tactil; (4) al rotar, la ambientacion sonora espacial se reorienta con la camara.",E2 Motor de recorrido web,S3,Alejandra Chambueta,5,S3;E2;resp-alejandra-chambueta
Sub-task,HU-19.1 Control de camara con rotacion libre,"Subtarea de HU-19. CameraRig con yaw y pitch. La camara la mueve solo TourEngine. RESPONSABLE: Alejandra Chambueta.",E2 Motor de recorrido web,S3,Alejandra Chambueta,3,S3;E2;resp-alejandra-chambueta
Sub-task,HU-19.2 Definir limites verticales y sensibilidad,"Subtarea de HU-19. Que no se pueda quedar mirando el vacio. RESPONSABLE: Eybar Viasus.",E2 Motor de recorrido web,S3,Eybar Viasus,2,S3;E2;ui-ux;resp-eybar-viasus
Story,HU-20 Restringir el desplazamiento al trazado autorizado,"Como sistema debo impedir el movimiento fuera del trazado porque el sendero esta dentro de una reserva protegida. Implementa RF-004 y RNF-015. RESPONSABLE: Alejandra Chambueta. Criterios de aceptacion: (1) no existe movimiento libre fuera del trazado; (2) no hay forma de salirse ni por gesto ni por teclado; (3) el diseno refuerza el camino autorizado, no lo sugiere como opcional.",E2 Motor de recorrido web,S3,Alejandra Chambueta,5,S3;E2;resp-alejandra-chambueta
Sub-task,HU-20.1 Restriccion de posicion al trazado,"Subtarea de HU-20. TrailPath.clampToTrail: ninguna posicion llega a la camara sin pasar por aqui. RESPONSABLE: Alejandra Chambueta.",E2 Motor de recorrido web,S3,Alejandra Chambueta,3,S3;E2;resp-alejandra-chambueta
Sub-task,HU-20.2 Verificar que la interfaz no insinua movimiento libre,"Subtarea de HU-20. Revision de affordances de la UI. RESPONSABLE: Alberto Aleman.",E2 Motor de recorrido web,S3,Alberto Aleman,2,S3;E2;ui-ux;resp-alberto-aleman
Story,HU-50 Identidad visual paleta tipografia y tokens,"Como equipo necesitamos una identidad visual definida antes de construir pantallas, para no repintar despues. Implementa RF-032 y RNF-006. RESPONSABLE: Eybar Viasus. Criterios de aceptacion: (1) paleta de grises, negros y verdes publicada en styles/tokens.css como variables CSS; (2) contraste AA calculado y documentado para cada combinacion de texto; (3) el verde-azulado queda reservado para la quebrada y los datos del recorrido; (4) tipografia elegida con cursiva real y cifras tabulares, cierra la pregunta D2; (5) ningun archivo .js escribe un color literal; (6) resueltas D1 y D4 con la evidencia de V1.",E4 Capa de datos y experiencia de usuario,S3,Eybar Viasus,8,S3;E4;ui-ux;resp-eybar-viasus
Sub-task,HU-50.1 Publicar los tokens de color y verificar contraste,"Subtarea de HU-50. styles/tokens.css con las diez variables y su ratio de contraste documentado. Recordar: green-500 no vale para texto normal sobre fondo claro. RESPONSABLE: Eybar Viasus.",E4 Capa de datos y experiencia de usuario,S3,Eybar Viasus,3,S3;E4;ui-ux;resp-eybar-viasus
Sub-task,HU-50.2 Elegir la familia tipografica,"Subtarea de HU-50. Sans humanista de licencia libre, con cursiva real para el nombre cientifico y cifras tabulares para el HUD. RESPONSABLE: Alberto Aleman.",E4 Capa de datos y experiencia de usuario,S3,Alberto Aleman,2,S3;E4;ui-ux;resp-alberto-aleman
Sub-task,HU-50.3 Aplicar los tokens en el shell y el HUD,"Subtarea de HU-50. Implementacion en src/ui a partir del diseno. Ningun color literal en codigo. RESPONSABLE: Juan Urrego.",E4 Capa de datos y experiencia de usuario,S3,Juan Urrego,3,S3;E4;ui-ux;resp-juan-urrego
Story,HU-21 Encadenar las tres escenas,"Como visitante quiero recorrer el tramo como una sola experiencia continua. Implementa RF-017 y RF-002. RESPONSABLE: Alejandra Chambueta. Criterios de aceptacion: (1) las tres etapas se recorren como un solo tramo continuo de 200 m; (2) la transicion no muestra pantalla en negro ni salto de posicion; (3) la escena siguiente se precarga antes de llegar al limite; (4) el salto de color entre escenas no es perceptible; (5) los cortes coinciden con los puntos naturales decididos en V1.",E2 Motor de recorrido web,S4,Alejandra Chambueta,13,S4;E2;resp-alejandra-chambueta
Sub-task,HU-21.1 Encadenado y precarga de escenas,"Subtarea de HU-21. SceneLoader.preloadNext antes de alcanzar el limite. RESPONSABLE: Alejandra Chambueta.",E2 Motor de recorrido web,S4,Alejandra Chambueta,8,S4;E2;resp-alejandra-chambueta
Sub-task,HU-21.2 Ajustar puntos de entrada y salida en scenes.json,"Subtarea de HU-21. Que la posicion no salte al cambiar de escena. RESPONSABLE: Juan Urrego.",E2 Motor de recorrido web,S4,Juan Urrego,3,S4;E2;resp-juan-urrego
Sub-task,HU-21.3 Correccion final de color si la transicion se nota,"Subtarea de HU-21. Volver a SuperSplat si hace falta. RESPONSABLE: Felipe Acevedo.",E2 Motor de recorrido web,S4,Felipe Acevedo,2,S4;E2;3d-asset;resp-felipe-acevedo
Story,HU-45 Nivel de detalle por proximidad al recorrido,"Como sistema debo gastar el detalle donde el visitante mira de cerca y ahorrarlo en el contexto. Implementa RF-027, definido en ADR-002. RESPONSABLE: Alejandra Chambueta. Criterios de aceptacion: (1) LOD por distancia configurado con lodBaseDistance y lodMultiplier; (2) lodBaseDistance ajustado para que el primer nivel cubra la banda de alta densidad de captura, aproximadamente 2 m; (3) valores reales medidos y documentados, resuelve V13; (4) NO hay salto de nivel de detalle visible al avanzar; (5) el mecanismo aprovecha que la camara va siempre sobre el trazado: distancia a camara equivale a distancia al recorrido.",E2 Motor de recorrido web,S4,Alejandra Chambueta,8,S4;E2;rendimiento;resp-alejandra-chambueta
Sub-task,HU-45.1 Implementar LodController,"Subtarea de HU-45. Nuevo modulo en src/engine. Configura lodBaseDistance y lodMultiplier segun el perfil de calidad. RESPONSABLE: Alejandra Chambueta.",E2 Motor de recorrido web,S4,Alejandra Chambueta,5,S4;E2;resp-alejandra-chambueta
Sub-task,HU-45.2 Medir y fijar los valores reales de LOD,"Subtarea de HU-45. Barrido de valores sobre el dispositivo de referencia hasta que no se vea el salto y se sostengan los 30 fps. Cierra V13. RESPONSABLE: David Beltran.",E2 Motor de recorrido web,S4,David Beltran,3,S4;E2;rendimiento;resp-david-beltran
Story,HU-22 Ajustar calidad segun el dispositivo,"Como sistema debo adaptar el render a las capacidades del dispositivo. Implementa RF-022, RF-019, RNF-001 y RNF-016. RESPONSABLE: Alejandra Chambueta. Criterios de aceptacion: (1) splatBudget diferenciado entre escritorio y movil; (2) antialiasing desactivado y device pixel ratio limitado en movil; (3) QualityProfile expone maxSpatialAudioSources, que es la frontera 3 con David; (4) el ajuste es automatico, sin que el usuario tenga que elegir.",E2 Motor de recorrido web,S4,Alejandra Chambueta,8,S4;E2;resp-alejandra-chambueta
Sub-task,HU-22.1 Deteccion de capacidades y perfiles de calidad,"Subtarea de HU-22. QualityProfile.detectFromDevice. Referencias: 1 M de splats en movil, 3+ M en escritorio. RESPONSABLE: Alejandra Chambueta.",E2 Motor de recorrido web,S4,Alejandra Chambueta,5,S4;E2;resp-alejandra-chambueta
Sub-task,HU-22.2 Exponer el presupuesto de audio espacial,"Subtarea de HU-22. maxSpatialAudioSources: 4 en escritorio, 2 en movil, valores por medir. Implementa RNF-016. RESPONSABLE: Alejandra Chambueta.",E2 Motor de recorrido web,S4,Alejandra Chambueta,2,S4;E2;audio;resp-alejandra-chambueta
Sub-task,HU-22.3 Medicion comparativa entre perfiles,"Subtarea de HU-22. Documentar el efecto real de cada ajuste. RESPONSABLE: David Beltran.",E2 Motor de recorrido web,S4,David Beltran,2,S4;E2;rendimiento;resp-david-beltran
Story,HU-23 Sostener 30 fps en gama media,"Como visitante quiero que el recorrido sea fluido en mi celular. Implementa RNF-001. RESPONSABLE: Alejandra Chambueta. Criterios de aceptacion: (1) 30 fps o mas sostenidos en el dispositivo de referencia recorriendo los 200 m completos; (2) medicion documentada, no impresion subjetiva; (3) decidido si hace falta Streamed SOG, resuelve V11; (4) splatBudget real que sostiene el objetivo, documentado, resuelve V8; (5) la medicion se hace CON la ambientacion sonora espacial activa, no sin ella.",E2 Motor de recorrido web,S4,Alejandra Chambueta,13,S4;E2;rendimiento;resp-alejandra-chambueta
Sub-task,HU-23.1 Perfilado y optimizacion de render,"Subtarea de HU-23. El cuello de botella es el fill rate por sobredibujo con mezcla alfa, no la memoria. RESPONSABLE: Alejandra Chambueta.",E2 Motor de recorrido web,S4,Alejandra Chambueta,5,S4;E2;resp-alejandra-chambueta
Sub-task,HU-23.2 Evaluar Streamed SOG si no se alcanza el objetivo,"Subtarea de HU-23. LOD por streaming con .lod-meta.json. Plan de choque del riesgo R2. RESPONSABLE: Alejandra Chambueta.",E2 Motor de recorrido web,S4,Alejandra Chambueta,5,S4;E2;resp-alejandra-chambueta
Sub-task,HU-23.3 Regenerar escenas con menos gaussianas si hace falta,"Subtarea de HU-23. Reabre trabajo de S2: es el tercer punto de riesgo de calendario. RESPONSABLE: Juan Urrego.",E2 Motor de recorrido web,S4,Juan Urrego,3,S4;E2;captura;resp-juan-urrego
Sub-task,HU-23.4 Bateria de medicion en dispositivos,"Subtarea de HU-23. Medir y registrar fps en el dispositivo de referencia, con y sin audio espacial, para aislar su coste. Cierra A1. RESPONSABLE: David Beltran.",E2 Motor de recorrido web,S4,David Beltran,2,S4;E2;rendimiento;audio;resp-david-beltran
Story,HU-24 Ritmo del recorrido guiado,"Como visitante quiero que el recorrido tenga un ritmo comodo. Implementa RF-003, RF-016 y RNF-005. RESPONSABLE: Alejandra Chambueta. Criterios de aceptacion: (1) velocidad de avance y suavizado definidos y aplicados; (2) el recorrido se detiene o desacelera al llegar a un punto de interes; (3) el usuario mantiene el control: nunca hay una animacion de la que no pueda salir; (4) el ritmo se calibra con la duracion real del recorrido medida en V1.",E2 Motor de recorrido web,S4,Alejandra Chambueta,5,S4;E2;ui-ux;resp-alejandra-chambueta
Sub-task,HU-24.1 Curvas de velocidad y suavizado,"Subtarea de HU-24. Easing del avance sobre el trazado. RESPONSABLE: Alejandra Chambueta.",E2 Motor de recorrido web,S4,Alejandra Chambueta,3,S4;E2;resp-alejandra-chambueta
Sub-task,HU-24.2 Definir el ritmo y los puntos de parada,"Subtarea de HU-24. Donde desacelera y donde se detiene. RESPONSABLE: Eybar Viasus.",E2 Motor de recorrido web,S4,Eybar Viasus,2,S4;E2;ui-ux;resp-eybar-viasus
Sub-task,HU-24.3 Prueba de sensacion con personas ajenas al equipo,"Subtarea de HU-24. Validar que el ritmo no marea ni aburre. RESPONSABLE: Alberto Aleman.",E2 Motor de recorrido web,S4,Alberto Aleman,1,S4;E2;ui-ux;resp-alberto-aleman
Story,HU-25 Marcadores anclados a coordenadas reales,"Como visitante quiero ver marcadores en los lugares reales del tramo. Implementa RF-006. RESPONSABLE: David Beltran. Criterios de aceptacion: (1) los marcadores flotan anclados a coordenadas reales, no a la pantalla; (2) se mantienen en su sitio al rotar la camara y al avanzar; (3) legibles a distintas distancias, sin taparse entre si; (4) 5 o 6 marcadores colocados en las coordenadas decididas en V1; (5) tres estados diferenciados por forma y tamano ademas de por color, lo exige RNF-006; (6) los de fauna y flora en verde, los de agua en verde-azulado, los de patrimonio en gris.",E3 Puntos de interes fichas 3D y sonido,S5,David Beltran,13,S5;E3;resp-david-beltran
Sub-task,HU-25.1 Sistema de anclaje de marcadores en espacio 3D,"Subtarea de HU-25. PoiManager con anchor en coordenadas de escena. Escucha tour:progress, nunca lee la camara. RESPONSABLE: David Beltran.",E3 Puntos de interes fichas 3D y sonido,S5,David Beltran,8,S5;E3;resp-david-beltran
Sub-task,HU-25.2 Disenar el marcador y sus estados,"Subtarea de HU-25. Reposo, cercano, activo, con las tres variantes de tipo. RESPONSABLE: Eybar Viasus.",E3 Puntos de interes fichas 3D y sonido,S5,Eybar Viasus,3,S5;E3;ui-ux;resp-eybar-viasus
Sub-task,HU-25.3 Ubicar los POIs sobre las escenas,"Subtarea de HU-25. Colocar los 5 o 6 puntos en sus coordenadas reales, tomadas del registro de V1. RESPONSABLE: Felipe Acevedo.",E3 Puntos de interes fichas 3D y sonido,S5,Felipe Acevedo,3,S5;E3;3d-asset;resp-felipe-acevedo
Story,HU-26 Abrir la ficha de un punto de interes,"Como visitante quiero abrir la ficha de un POI y entender que estoy viendo. Implementa RF-007, RF-008, RF-010, RF-031 y RNF-010. RESPONSABLE: David Beltran. Criterios de aceptacion: (1) al activar un marcador se abre el panel de ficha; (2) muestra nombre comun y nombre cientifico en cursiva; (3) muestra la altura a la que vive la especie y como identificarla en campo; (4) muestra CONSEJOS DE AVISTAMIENTO: cuando, donde y como buscarla, que es RF-031; (5) todo el contenido en espanol; (6) colibri chillon, puente de madera y helecho arboreo funcionando como POIs reales.",E3 Puntos de interes fichas 3D y sonido,S5,David Beltran,8,S5;E3;resp-david-beltran
Sub-task,HU-26.1 Panel de ficha y ciclo de apertura y cierre,"Subtarea de HU-26. PoiCard.open y PoiCard.close. PoiCard no toca la camara: pide guardar y restaurar. RESPONSABLE: David Beltran.",E3 Puntos de interes fichas 3D y sonido,S5,David Beltran,5,S5;E3;resp-david-beltran
Sub-task,HU-26.2 Disenar el panel y la jerarquia de informacion,"Subtarea de HU-26. Que lo importante se lea primero. Esquema en docs/06-identidad-visual.md seccion 4. RESPONSABLE: Eybar Viasus.",E3 Puntos de interes fichas 3D y sonido,S5,Eybar Viasus,3,S5;E3;ui-ux;resp-eybar-viasus
Sub-task,HU-26.3 Contenido verificado de cada ficha,"Subtarea de HU-26. Colibri coruscans vive entre 1700 y 3500 msnm. Redactar los consejos de avistamiento de cada especie a partir de lo observado en V1. Lo no verificado se marca, no se rellena. RESPONSABLE: Felipe Acevedo.",E3 Puntos de interes fichas 3D y sonido,S5,Felipe Acevedo,3,S5;E3;docs;resp-felipe-acevedo
Story,HU-48 Puntos de interes patrimoniales e historicos,"Como visitante quiero ver en detalle las puertas derrumbadas, los muros, los monumentos y los tramos de camino con historia. Implementa RF-030. RESPONSABLE: Alberto Aleman. Criterios de aceptacion: (1) nuevo tipo de POI patrimonio soportado por pois.json con los campos historicalNote, period y sourceUrl; (2) al menos un POI patrimonial completo y consultable; (3) sourceUrl es OBLIGATORIO: un dato historico sin fuente citable no se publica; (4) si no hay fuente, la ficha describe lo que se ve y marca la historia como por verificar, sin inventarla; (5) la ficha omite los campos de distribucion altitudinal, que no aplican; (6) el marcador usa el gris de patrimonio, no el verde de lo vivo.",E3 Puntos de interes fichas 3D y sonido,S5,Alberto Aleman,8,S5;E3;docs;resp-alberto-aleman
Sub-task,HU-48.1 Investigar y verificar la historia de cada elemento,"Subtarea de HU-48. A partir de lo identificado en V1. Buscar fuente citable para cada afirmacion historica. Lo que no tenga fuente se queda como por verificar. RESPONSABLE: Alberto Aleman.",E3 Puntos de interes fichas 3D y sonido,S5,Alberto Aleman,3,S5;E3;docs;resp-alberto-aleman
Sub-task,HU-48.2 Soportar el tipo patrimonio en el sistema de POIs,"Subtarea de HU-48. Extender el esquema y la ficha para el tipo patrimonio, con sus campos propios y sin los de especie. RESPONSABLE: David Beltran.",E3 Puntos de interes fichas 3D y sonido,S5,David Beltran,3,S5;E3;resp-david-beltran
Sub-task,HU-48.3 Disenar la variante patrimonial de la ficha,"Subtarea de HU-48. Marcador gris y ficha con la nota historica y su fuente visible. RESPONSABLE: Eybar Viasus.",E3 Puntos de interes fichas 3D y sonido,S5,Eybar Viasus,2,S5;E3;ui-ux;resp-eybar-viasus
Story,HU-27 Visor 3D girable con acercamiento,"Como visitante quiero girar y acercar el modelo de la ficha. Implementa RF-009, RF-029 y RNF-012. RESPONSABLE: David Beltran. Criterios de aceptacion: (1) el modelo se puede girar y acercar libremente; (2) colores y forma reconocibles; (3) funciona con gesto tactil y con raton; (4) la animacion idle de aleteo corre desde que se abre la ficha; (5) cargar el modelo no rompe el rendimiento de la escena de fondo.",E3 Puntos de interes fichas 3D y sonido,S5,David Beltran,13,S5;E3;resp-david-beltran
Sub-task,HU-27.1 Visor 3D dentro del panel de ficha,"Subtarea de HU-27. ModelViewer con rotate y zoom, y reproduccion del clip idleAnimation en bucle. RESPONSABLE: David Beltran.",E3 Puntos de interes fichas 3D y sonido,S5,David Beltran,8,S5;E3;resp-david-beltran
Sub-task,HU-27.2 Ajustar modelos y materiales para el visor,"Subtarea de HU-27. Que se vean bien fuera del contexto de la escena. RESPONSABLE: Felipe Acevedo.",E3 Puntos de interes fichas 3D y sonido,S5,Felipe Acevedo,3,S5;E3;3d-asset;resp-felipe-acevedo
Sub-task,HU-27.3 Encuadre iluminacion y controles del visor,"Subtarea de HU-27. Que el modelo entre bien encuadrado al abrir, con la animacion ya corriendo. RESPONSABLE: Eybar Viasus.",E3 Puntos de interes fichas 3D y sonido,S5,Eybar Viasus,3,S5;E3;ui-ux;resp-eybar-viasus
Story,HU-28 Narracion canto y transcripcion,"Como visitante quiero escuchar la narracion y el canto, cuando yo lo decida. Implementa RF-011, RF-012, RF-024, RNF-006 y RNF-008. RESPONSABLE: David Beltran. Criterios de aceptacion: (1) la narracion se reproduce SOLO cuando el usuario la activa, nunca automaticamente; (2) el canto esta disponible en los POIs de fauna; (3) la transcripcion es accesible desde la ficha; (4) controles de reproduccion claros y apagados al abrir; (5) al cerrar la ficha se detiene todo el audio de ficha, sin cortar la ambientacion.",E3 Puntos de interes fichas 3D y sonido,S5,David Beltran,8,S5;E3;audio;resp-david-beltran
Sub-task,HU-28.1 Reproductor de audio y gestion de estados,"Subtarea de HU-28. AudioPlayer en src/audio, sin autoplay: RNF-008. RESPONSABLE: David Beltran.",E3 Puntos de interes fichas 3D y sonido,S5,David Beltran,5,S5;E3;audio;resp-david-beltran
Sub-task,HU-28.2 Presentacion de la transcripcion,"Subtarea de HU-28. Accesible desde la ficha, exigido por RNF-006. RESPONSABLE: Alberto Aleman.",E3 Puntos de interes fichas 3D y sonido,S5,Alberto Aleman,2,S5;E3;ui-ux;resp-alberto-aleman
Sub-task,HU-28.3 Disenar los controles de audio,"Subtarea de HU-28. Reproducir, pausar, ver transcripcion. RESPONSABLE: Eybar Viasus.",E3 Puntos de interes fichas 3D y sonido,S5,Eybar Viasus,2,S5;E3;ui-ux;resp-eybar-viasus
Story,HU-46 Ambientacion sonora binaural con audio espacial 3D,"Como visitante quiero oir el sendero mientras lo recorro, y oir la quebrada donde la quebrada esta. Implementa RF-028 y RNF-016, definidos en ADR-003. RESPONSABLE: David Beltran. Criterios de aceptacion: (1) lecho ambiente continuo en estereo, no posicional; (2) fuentes puntuales con panningModel HRTF ancladas a coordenadas reales del tramo; (3) el oyente es la camara: al girar y avanzar, el sonido se reorienta solo; (4) NADA suena antes del gesto explicito de iniciar el recorrido, y el boton ofrece iniciar en silencio; (5) control de silencio siempre visible en el HUD y preferencia recordada entre visitas; (6) maximo de fuentes simultaneas respetado segun QualityProfile; (7) las fuentes se declaran en config/soundscape.json SIN tocar codigo; (8) verificado que no rompe los 30 fps.",E3 Puntos de interes fichas 3D y sonido,S5,David Beltran,13,S5;E3;audio;resp-david-beltran
Sub-task,HU-46.1 Implementar AmbienceController,"Subtarea de HU-46. Lecho continuo, arranque por gesto, silencio y persistencia de la preferencia. Nuevo modulo en src/audio. RESPONSABLE: David Beltran.",E3 Puntos de interes fichas 3D y sonido,S5,David Beltran,5,S5;E3;audio;resp-david-beltran
Sub-task,HU-46.2 Implementar SpatialAudioSource con HRTF,"Subtarea de HU-46. SoundComponent positional con panningModel HRTF, distanceModel, refDistance y maxDistance. Respeta maxSpatialAudioSources. Cierra A2. RESPONSABLE: David Beltran.",E3 Puntos de interes fichas 3D y sonido,S5,David Beltran,5,S5;E3;audio;resp-david-beltran
Sub-task,HU-46.3 Publicar soundscape.json y validar el esquema,"Subtarea de HU-46. Anadir una fuente sonora no debe tocar codigo, igual que un POI. RESPONSABLE: Juan Urrego.",E3 Puntos de interes fichas 3D y sonido,S5,Juan Urrego,2,S5;E3;docs;audio;resp-juan-urrego
Sub-task,HU-46.4 Disenar el control de silencio y el boton de inicio,"Subtarea de HU-46. El boton anuncia que va a sonar y ofrece iniciar en silencio. El control de silencio esta siempre visible. RESPONSABLE: Eybar Viasus.",E3 Puntos de interes fichas 3D y sonido,S5,Eybar Viasus,2,S5;E3;ui-ux;audio;resp-eybar-viasus
Story,HU-29 Anadir un POI editando solo pois.json,"Como equipo de contenido quiero anadir un POI sin tocar el motor. Implementa RF-021 y RNF-009. RESPONSABLE: David Beltran. Criterios de aceptacion: (1) se puede anadir un POI declarandolo en pois.json SIN tocar el motor, incluidos los de tipo patrimonio; (2) no requiere recompilar; (3) documentado con un ejemplo completo de cada tipo: fauna, flora y patrimonio; (4) probado por alguien que no escribio el sistema de POIs; (5) el esquema falla con mensaje claro, nunca en silencio.",E3 Puntos de interes fichas 3D y sonido,S5,David Beltran,5,S5;E3;docs;resp-david-beltran
Sub-task,HU-29.1 Carga declarativa de POIs,"Subtarea de HU-29. PoiManager.loadFromConfig con validacion de esquema. RESPONSABLE: David Beltran.",E3 Puntos de interes fichas 3D y sonido,S5,David Beltran,3,S5;E3;resp-david-beltran
Sub-task,HU-29.2 Documentar el contrato y validar el esquema,"Subtarea de HU-29. Fallar con mensaje claro, nunca en silencio. RESPONSABLE: Juan Urrego.",E3 Puntos de interes fichas 3D y sonido,S5,Juan Urrego,2,S5;E3;docs;resp-juan-urrego
Sub-task,HU-29.3 Prueba real anadiendo un POI sin ayuda,"Subtarea de HU-29. Si necesita ayuda o toca codigo, RNF-009 no se cumple. RESPONSABLE: Felipe Acevedo.",E3 Puntos de interes fichas 3D y sonido,S5,Felipe Acevedo,1,S5;E3;resp-felipe-acevedo
Story,HU-30 Volver a la posicion al cerrar la ficha,"Como visitante quiero volver exactamente donde estaba al cerrar la ficha. Implementa RF-018. RESPONSABLE: David Beltran. Criterios de aceptacion: (1) al cerrar la ficha el usuario vuelve exactamente a donde estaba; (2) se conserva posicion y orientacion de camara; (3) el audio de la ficha se detiene al cerrar; (4) la ambientacion sonora NO se corta al abrir ni al cerrar la ficha.",E3 Puntos de interes fichas 3D y sonido,S5,David Beltran,3,S5;E3;resp-david-beltran
Sub-task,HU-30.1 Guardar y restaurar el estado de camara,"Subtarea de HU-30. TourEngine.saveCameraState y restoreCameraState: es la frontera 2. PoiCard pide, no toca. RESPONSABLE: David Beltran.",E3 Puntos de interes fichas 3D y sonido,S5,David Beltran,2,S5;E3;resp-david-beltran
Sub-task,HU-30.2 Coordinar con el motor de recorrido,"Subtarea de HU-30. Respetar el invariante de que solo TourEngine mueve la camara. RESPONSABLE: Alejandra Chambueta.",E3 Puntos de interes fichas 3D y sonido,S5,Alejandra Chambueta,1,S5;E3;resp-alejandra-chambueta
Story,HU-31 Consumir el track GPS,"Como sistema debo alimentar la capa de datos con el track real capturado en campo. Implementa RF-020. RESPONSABLE: David Beltran. Criterios de aceptacion: (1) el track GPS alimenta la capa de datos; (2) el track esta alineado y escalado contra la geometria reconstruida, cierra V9 junto con V4; (3) la posicion del usuario se corresponde con un punto del track; (4) las cifras del tramo son las MEDIDAS EN V1 para los 200 m, no las del tramo de referencia de 340 m; (5) TrailDataLayer no importa nada de PlayCanvas.",E4 Capa de datos y experiencia de usuario,S6,David Beltran,13,S6;E4;resp-david-beltran
Sub-task,HU-31.1 Lectura y proyeccion del track sobre el trazado,"Subtarea de HU-31. GpsTrack y TrailDataLayer. distanceMeters es la coordenada maestra. RESPONSABLE: David Beltran.",E4 Capa de datos y experiencia de usuario,S6,David Beltran,8,S6;E4;resp-david-beltran
Sub-task,HU-31.2 Alineacion y escalado definitivos escena y track,"Subtarea de HU-31. Nunca asumir que 1 unidad del motor es 1 metro. RESPONSABLE: Juan Urrego.",E4 Capa de datos y experiencia de usuario,S6,Juan Urrego,5,S6;E4;resp-juan-urrego
Sub-task,HU-31.3 Definir la precision que se muestra en pantalla,"Subtarea de HU-31. Cuantos decimales y con que redondeo. Cifras tabulares para que el numero no salte. RESPONSABLE: Eybar Viasus.",E4 Capa de datos y experiencia de usuario,S6,Eybar Viasus,2,S6;E4;ui-ux;resp-eybar-viasus
Sub-task,HU-31.4 Exponer la distancia recorrida desde el motor,"Subtarea de HU-31. TourEngine publica distanceMeters en tour:progress con la precision que exige la capa de datos. Es la frontera 1 entre src/engine y src/data: sin esto David no puede calcular nada. RESPONSABLE: Alejandra Chambueta.",E4 Capa de datos y experiencia de usuario,S6,Alejandra Chambueta,2,S6;E4;resp-alejandra-chambueta
Story,HU-32 Altitud sobre el nivel del mar,"Como visitante quiero ver a que altura estoy. Implementa RF-013. RESPONSABLE: David Beltran. Criterios de aceptacion: (1) se muestra la altitud de la posicion actual en msnm; (2) se actualiza al avanzar; (3) el dato se deriva del track, no es fijo.",E4 Capa de datos y experiencia de usuario,S6,David Beltran,3,S6;E4;resp-david-beltran
Sub-task,HU-32.1 Calculo y actualizacion de altitud,"Subtarea de HU-32. TrailDataLayer.altitudeAt por interpolacion sobre el track. RESPONSABLE: David Beltran.",E4 Capa de datos y experiencia de usuario,S6,David Beltran,2,S6;E4;resp-david-beltran
Sub-task,HU-32.2 Presentacion del dato en el HUD,"Subtarea de HU-32. HudView en src/ui, con el verde-azulado de los datos. RESPONSABLE: Juan Urrego.",E4 Capa de datos y experiencia de usuario,S6,Juan Urrego,1,S6;E4;ui-ux;resp-juan-urrego
Story,HU-33 Distancia recorrida y restante,"Como visitante quiero saber cuanto llevo y cuanto me falta. Implementa RF-014. RESPONSABLE: David Beltran. Criterios de aceptacion: (1) distancia recorrida y restante visibles y actualizadas; (2) suman los 200 m del tramo; (3) unidades en metros.",E4 Capa de datos y experiencia de usuario,S6,David Beltran,5,S6;E4;resp-david-beltran
Sub-task,HU-33.1 Calculo de distancias sobre el track,"Subtarea de HU-33. distanceCovered y distanceRemaining. RESPONSABLE: David Beltran.",E4 Capa de datos y experiencia de usuario,S6,David Beltran,3,S6;E4;resp-david-beltran
Sub-task,HU-33.2 Presentacion en el HUD,"Subtarea de HU-33. Que se lea de un vistazo mientras se avanza. RESPONSABLE: Eybar Viasus.",E4 Capa de datos y experiencia de usuario,S6,Eybar Viasus,2,S6;E4;ui-ux;resp-eybar-viasus
Story,HU-34 Desnivel acumulado y pendiente,"Como visitante quiero saber cuanto he subido y que tan empinado va. Implementa RF-015. RESPONSABLE: David Beltran. Criterios de aceptacion: (1) desnivel acumulado desde el inicio en metros; (2) pendiente actual en porcentaje; (3) coherentes con las cifras reales medidas en V1.",E4 Capa de datos y experiencia de usuario,S6,David Beltran,5,S6;E4;resp-david-beltran
Sub-task,HU-34.1 Calculo de desnivel y pendiente,"Subtarea de HU-34. elevationGain y currentSlope. RESPONSABLE: David Beltran.",E4 Capa de datos y experiencia de usuario,S6,David Beltran,3,S6;E4;resp-david-beltran
Sub-task,HU-34.2 Explicar el dato para quien no es caminante,"Subtarea de HU-34. El desnivel no se imagina: hay que darle sentido. RESPONSABLE: Alberto Aleman.",E4 Capa de datos y experiencia de usuario,S6,Alberto Aleman,2,S6;E4;ui-ux;resp-alberto-aleman
Sub-task,HU-34.3 Medir el rendimiento con el HUD y el audio activos,"Subtarea de HU-34. El HUD se redibuja en cada avance y la ambientacion espacial consume CPU. Volver a medir los 30 fps con TODO encendido, no solo con la escena. Si no se sostienen, ajustar el perfil de calidad. RESPONSABLE: Alejandra Chambueta.",E4 Capa de datos y experiencia de usuario,S6,Alejandra Chambueta,3,S6;E4;rendimiento;resp-alejandra-chambueta
Story,HU-35 Tiempo estimado hasta el siguiente punto,"Como visitante quiero saber cuanto falta para el proximo punto de interes. Implementa RF-016. RESPONSABLE: David Beltran. Criterios de aceptacion: (1) se muestra el tiempo estimado hasta el proximo POI; (2) se recalcula al avanzar y al pasar un POI; (3) la estimacion considera la pendiente, no solo la distancia.",E4 Capa de datos y experiencia de usuario,S6,David Beltran,5,S6;E4;resp-david-beltran
Sub-task,HU-35.1 Modelo de estimacion de tiempo,"Subtarea de HU-35. etaToNextPoi considerando pendiente. RESPONSABLE: David Beltran.",E4 Capa de datos y experiencia de usuario,S6,David Beltran,3,S6;E4;resp-david-beltran
Sub-task,HU-35.2 Presentacion del dato,"Subtarea de HU-35. En el HUD, junto al resto de la capa de datos. RESPONSABLE: Eybar Viasus.",E4 Capa de datos y experiencia de usuario,S6,Eybar Viasus,1,S6;E4;ui-ux;resp-eybar-viasus
Sub-task,HU-35.3 Validar que la cifra se entiende sin explicacion,"Subtarea de HU-35. Prueba rapida con alguien ajeno al equipo. RESPONSABLE: Alberto Aleman.",E4 Capa de datos y experiencia de usuario,S6,Alberto Aleman,1,S6;E4;ui-ux;resp-alberto-aleman
Story,HU-51 Segunda pasada de optimizacion de los assets 3D,"El presupuesto de triangulos y peso se fijo en S2b con una estimacion. Despues de medir los fps reales en S4 y de integrar los POIs en S5 ya hay numeros de verdad, asi que hay que revisarlo. RESPONSABLE: Felipe Acevedo. Criterios de aceptacion: (1) medido el coste real de cada modelo dentro de la escena integrada, no aislado; (2) identificados los modelos que se pasan del presupuesto; (3) reoptimizados y reexportados sin perder identificabilidad de la especie; (4) RNF-012 actualizado con el numero definitivo; (5) los 30 fps se sostienen con todos los POIs cargados.",E3 Puntos de interes fichas 3D y sonido,S6,Felipe Acevedo,5,S6;E3;3d-asset;rendimiento;resp-felipe-acevedo
Sub-task,HU-51.1 Medir el coste real de los modelos en la escena integrada,"Subtarea de HU-51. Perfilar con los POIs cargados sobre la escena, que es el caso real, no el visor aislado. RESPONSABLE: Alejandra Chambueta.",E3 Puntos de interes fichas 3D y sonido,S6,Alejandra Chambueta,2,S6;E3;rendimiento;resp-alejandra-chambueta
Sub-task,HU-51.2 Reoptimizar y reexportar los modelos fuera de presupuesto,"Subtarea de HU-51. Reducir geometria sin perder el color ni la forma que hacen reconocible a la especie. RESPONSABLE: Felipe Acevedo.",E3 Puntos de interes fichas 3D y sonido,S6,Felipe Acevedo,3,S6;E3;3d-asset;resp-felipe-acevedo
Story,HU-36 Onboarding la primera vez,"Como visitante nuevo quiero que me expliquen como usar la app. Implementa RF-026 y RNF-005. RESPONSABLE: Alberto Aleman. Criterios de aceptacion: (1) la primera vez se explica como avanzar, como mirar y como abrir una ficha; (2) es breve y se puede omitir; (3) no se repite en visitas siguientes; (4) NO suena nada durante el onboarding, lo exige RNF-008; (5) 4 de 5 personas sin experiencia previa inician el recorrido y abren una ficha SIN instrucciones.",E4 Capa de datos y experiencia de usuario,S7,Alberto Aleman,8,S7;E4;ui-ux;resp-alberto-aleman
Sub-task,HU-36.1 Disenar y redactar el onboarding,"Subtarea de HU-36. Breve, en espanol y omitible. RESPONSABLE: Alberto Aleman.",E4 Capa de datos y experiencia de usuario,S7,Alberto Aleman,3,S7;E4;ui-ux;resp-alberto-aleman
Sub-task,HU-36.2 Integrar con el sistema de diseno,"Subtarea de HU-36. Mismos tokens y componentes que el resto de la interfaz. RESPONSABLE: Eybar Viasus.",E4 Capa de datos y experiencia de usuario,S7,Eybar Viasus,2,S7;E4;ui-ux;resp-eybar-viasus
Sub-task,HU-36.3 Implementar y persistir el ya visto,"Subtarea de HU-36. Que no se repita en visitas siguientes. Va en src/app. RESPONSABLE: Juan Urrego.",E4 Capa de datos y experiencia de usuario,S7,Juan Urrego,2,S7;E4;resp-juan-urrego
Sub-task,HU-36.4 Prueba con 5 usuarios reales,"Subtarea de HU-36. Criterio de exito E10: 4 de 5 lo logran sin instrucciones. RESPONSABLE: Alberto Aleman.",E4 Capa de datos y experiencia de usuario,S7,Alberto Aleman,3,S7;E4;ui-ux;resp-alberto-aleman
Story,HU-37 Responsive en celular,"Como visitante en celular quiero una interfaz adaptada a mi pantalla. Implementa RF-019 y RNF-004. RESPONSABLE: Alberto Aleman. Criterios de aceptacion: (1) interfaz adaptada desde 375 px de ancho; (2) objetivos tactiles suficientes y nada depende de hover; (3) ficha, HUD, control de silencio y marcadores usables en pantalla pequena; (4) verificado en Chrome Android y Safari iOS vigentes.",E4 Capa de datos y experiencia de usuario,S7,Alberto Aleman,13,S7;E4;ui-ux;resp-alberto-aleman
Sub-task,HU-37.1 Layouts responsive de todas las pantallas,"Subtarea de HU-37. Desde 375 px de ancho. RESPONSABLE: Alberto Aleman.",E4 Capa de datos y experiencia de usuario,S7,Alberto Aleman,5,S7;E4;ui-ux;resp-alberto-aleman
Sub-task,HU-37.2 Adaptar componentes del sistema de diseno,"Subtarea de HU-37. Variantes movil de ficha, HUD y marcadores. RESPONSABLE: Eybar Viasus.",E4 Capa de datos y experiencia de usuario,S7,Eybar Viasus,3,S7;E4;ui-ux;resp-eybar-viasus
Sub-task,HU-37.3 Ajustes de motor para pantalla pequena,"Subtarea de HU-37. Coordinar con QualityProfile, device pixel ratio y el numero de fuentes de audio. RESPONSABLE: Alejandra Chambueta.",E4 Capa de datos y experiencia de usuario,S7,Alejandra Chambueta,3,S7;E4;resp-alejandra-chambueta
Sub-task,HU-37.4 Pruebas en dispositivos reales,"Subtarea de HU-37. Chrome Android y Safari iOS, con audio activo. RESPONSABLE: David Beltran.",E4 Capa de datos y experiencia de usuario,S7,David Beltran,2,S7;E4;resp-david-beltran
Story,HU-38 Accesibilidad,"Como visitante necesito poder leer y entender el contenido. Implementa RNF-006 y RNF-010. RESPONSABLE: Alberto Aleman. Criterios de aceptacion: (1) contraste AA en todos los textos de las fichas, verificado contra los tokens; (2) toda narracion tiene transcripcion accesible; (3) tamanos de texto legibles en movil, nunca por debajo de 16 px en el cuerpo; (4) ningun dato se comunica solo por color: los marcadores y los estados de error tambien se distinguen por forma; (5) la experiencia completa es utilizable con la ambientacion sonora desactivada.",E4 Capa de datos y experiencia de usuario,S7,Alberto Aleman,8,S7;E4;ui-ux;resp-alberto-aleman
Sub-task,HU-38.1 Auditoria de contraste y tamanos,"Subtarea de HU-38. Verificar AA en todos los textos contra la tabla de docs/06-identidad-visual.md. RESPONSABLE: Alberto Aleman.",E4 Capa de datos y experiencia de usuario,S7,Alberto Aleman,3,S7;E4;ui-ux;resp-alberto-aleman
Sub-task,HU-38.2 Corregir la paleta donde no cumpla,"Subtarea de HU-38. Ajustar tokens de color del sistema de diseno. RESPONSABLE: Eybar Viasus.",E4 Capa de datos y experiencia de usuario,S7,Eybar Viasus,3,S7;E4;ui-ux;resp-eybar-viasus
Sub-task,HU-38.3 Exponer las transcripciones en la interfaz,"Subtarea de HU-38. Accesibles desde cada ficha con narracion. RESPONSABLE: David Beltran.",E4 Capa de datos y experiencia de usuario,S7,David Beltran,2,S7;E4;resp-david-beltran
Story,HU-39 Consolidar el sistema de diseno,"Como equipo necesitamos una interfaz coherente. Implementa RNF-005, RNF-010 y RF-032. RESPONSABLE: Eybar Viasus. Criterios de aceptacion: (1) tokens de color, tipografia y espaciado aplicados en toda la interfaz; (2) componentes documentados y sin variantes sueltas; (3) textos revisados, todos en espanol y coherentes en tono; (4) ningun archivo .js escribe un color literal.",E4 Capa de datos y experiencia de usuario,S7,Eybar Viasus,8,S7;E4;ui-ux;resp-eybar-viasus
Sub-task,HU-39.1 Consolidar el sistema de diseno,"Subtarea de HU-39. Tokens y componentes documentados en styles/. RESPONSABLE: Eybar Viasus.",E4 Capa de datos y experiencia de usuario,S7,Eybar Viasus,5,S7;E4;ui-ux;resp-eybar-viasus
Sub-task,HU-39.2 Revisar textos y coherencia de tono,"Subtarea de HU-39. Todo en espanol, mismo registro. RESPONSABLE: Alberto Aleman.",E4 Capa de datos y experiencia de usuario,S7,Alberto Aleman,2,S7;E4;ui-ux;resp-alberto-aleman
Sub-task,HU-39.3 Aplicar el sistema en los componentes del motor,"Subtarea de HU-39. Estados de carga, error y HUD. RESPONSABLE: Juan Urrego.",E4 Capa de datos y experiencia de usuario,S7,Juan Urrego,2,S7;E4;ui-ux;resp-juan-urrego
Story,HU-52 Cierre visual del catalogo 3D con el sistema de diseno,"Los modelos se hicieron antes de que existiera la paleta definitiva. Hay que comprobar que se leen sobre los fondos reales de la ficha y en pantalla pequena, y dejar el export final. RESPONSABLE: Felipe Acevedo. Criterios de aceptacion: (1) cada modelo verificado sobre el fondo real de la ficha con la paleta definitiva; (2) los que no contrasten se ajustan en material o en iluminacion del visor; (3) legibles a 375 px de ancho; (4) export final versionado con fecha y origen, exigido por RNF-011; (5) el conjunto se lee como una misma familia visual.",E3 Puntos de interes fichas 3D y sonido,S7,Felipe Acevedo,5,S7;E3;3d-asset;ui-ux;resp-felipe-acevedo
Sub-task,HU-52.1 Verificar los modelos contra la paleta y la tipografia definitivas,"Subtarea de HU-52. Un ave verde sobre un fondo verde no se ve: aqui es donde se descubre. RESPONSABLE: Felipe Acevedo.",E3 Puntos de interes fichas 3D y sonido,S7,Felipe Acevedo,3,S7;E3;3d-asset;resp-felipe-acevedo
Sub-task,HU-52.2 Revisar la legibilidad de los modelos a 375 px,"Subtarea de HU-52. El visor de ficha en movil es mucho mas pequeno que en escritorio. RESPONSABLE: Eybar Viasus.",E3 Puntos de interes fichas 3D y sonido,S7,Eybar Viasus,2,S7;E3;ui-ux;resp-eybar-viasus
Story,HU-40 Integracion final y pruebas cruzadas,"Como equipo necesitamos entregar el producto integrado y verificado. Implementa todos los RF y RNF. RESPONSABLE: Juan Urrego. Criterios de aceptacion: (1) todas las ramas de epica fusionadas en develop y de ahi a main; (2) recorrido completo de 200 m de extremo a extremo sin errores; (3) probado en Chrome, Safari y Firefox, escritorio y movil; (4) los RNF medibles verificados uno por uno, incluidos RNF-016 y el contraste de la paleta; (5) ningun RF entregado sin su CUS y su historia.",E1 Captura y reconstruccion del tramo,Cierre,Juan Urrego,13,E1;docs;resp-juan-urrego
Sub-task,HU-40.1 Integracion y resolucion de conflictos,"Subtarea de HU-40. Fusionar las cuatro ramas de epica. RESPONSABLE: Juan Urrego.",E1 Captura y reconstruccion del tramo,Cierre,Juan Urrego,5,E1;resp-juan-urrego
Sub-task,HU-40.2 Verificar RNF de rendimiento y compatibilidad,"Subtarea de HU-40. RNF-001, RNF-002, RNF-004 y RNF-016. RESPONSABLE: Alejandra Chambueta.",E1 Captura y reconstruccion del tramo,Cierre,Alejandra Chambueta,3,E1;rendimiento;resp-alejandra-chambueta
Sub-task,HU-40.3 Verificacion funcional de POIs capa de datos y audio,"Subtarea de HU-40. Los 5 o 6 POIs, el HUD completo y la ambientacion espacial. RESPONSABLE: David Beltran.",E1 Captura y reconstruccion del tramo,Cierre,David Beltran,3,E1;resp-david-beltran
Sub-task,HU-40.4 Verificacion de accesibilidad y responsive,"Subtarea de HU-40. RNF-006 y RF-019. RESPONSABLE: Alberto Aleman.",E1 Captura y reconstruccion del tramo,Cierre,Alberto Aleman,2,E1;ui-ux;resp-alberto-aleman
Sub-task,HU-40.5 Revision visual final,"Subtarea de HU-40. Coherencia del sistema de diseno en toda la app. RESPONSABLE: Eybar Viasus.",E1 Captura y reconstruccion del tramo,Cierre,Eybar Viasus,2,E1;ui-ux;resp-eybar-viasus
Sub-task,HU-40.6 Revision de contenido de todas las fichas,"Subtarea de HU-40. Nombres cientificos, rangos de altitud y notas historicas verificados. Nada publicado sin fuente. RESPONSABLE: Felipe Acevedo.",E1 Captura y reconstruccion del tramo,Cierre,Felipe Acevedo,2,E1;3d-asset;docs;resp-felipe-acevedo
Story,HU-41 Despliegue y entrega documental,"Como equipo necesitamos publicar el producto y cerrar la documentacion. Implementa RNF-014 y RNF-004. RESPONSABLE: Juan Urrego. Criterios de aceptacion: (1) desplegado en hosting estatico con HTTPS; (2) assets con politica de cache adecuada; (3) documentacion actualizada: requerimientos, arquitectura, plan y los cuatro ADRs; (4) docs/03-avances-tecnologia.md cerrado con los resultados reales de las validaciones V1 a V14 y A1 a A5.",E1 Captura y reconstruccion del tramo,Cierre,Juan Urrego,8,E1;docs;resp-juan-urrego
Sub-task,HU-41.1 Desplegar y configurar el hosting,"Subtarea de HU-41. Sitio estatico con HTTPS y cache de assets. RESPONSABLE: Juan Urrego.",E1 Captura y reconstruccion del tramo,Cierre,Juan Urrego,3,E1;resp-juan-urrego
Sub-task,HU-41.2 Actualizacion final de la documentacion,"Subtarea de HU-41. Cerrar todas las validaciones pendientes con resultados reales. RESPONSABLE: Juan Urrego.",E1 Captura y reconstruccion del tramo,Cierre,Juan Urrego,3,E1;docs;resp-juan-urrego
Sub-task,HU-41.3 Revision final de la entrega por el equipo,"Subtarea de HU-41. Revision conjunta antes de entregar. RESPONSABLE: Juan Urrego.",E1 Captura y reconstruccion del tramo,Cierre,Juan Urrego,2,E1;docs;resp-juan-urrego
